{"stats":{"minecraft:custom":{"minecraft:jump":64,"minecraft:time_since_rest":2368,"minecraft:play_one_minute":2368,"minecraft:leave_game":1,"minecraft:sprint_one_cm":7073,"minecraft:time_since_death":2368,"minecraft:walk_one_cm":2789,"minecraft:sneak_time":8,"minecraft:fall_one_cm":954,"minecraft:fly_one_cm":13699},"minecraft:crafted":{"minecraft:oak_planks":4},"minecraft:used":{"minecraft:oak_planks":2},"minecraft:picked_up":{"minecraft:oak_log":1,"minecraft:oak_planks":2},"minecraft:mined":{"minecraft:oak_log":1,"minecraft:oak_planks":2,"minecraft:oak_leaves":3}},"DataVersion":2586}