{"stats":{"minecraft:custom":{"minecraft:time_since_rest":12920,"minecraft:interact_with_furnace":5,"minecraft:sprint_one_cm":75982,"minecraft:damage_taken":430,"minecraft:walk_one_cm":55348,"minecraft:mob_kills":13,"minecraft:damage_dealt":1255,"minecraft:interact_with_crafting_table":4,"minecraft:fly_one_cm":148848,"minecraft:open_chest":8,"minecraft:crouch_one_cm":3047,"minecraft:play_one_minute":25588,"minecraft:sneak_time":1612,"minecraft:jump":659,"minecraft:climb_one_cm":617,"minecraft:walk_on_water_one_cm":198,"minecraft:leave_game":2,"minecraft:time_since_death":25588,"minecraft:sleep_in_bed":1,"minecraft:interact_with_smoker":3,"minecraft:fall_one_cm":18635},"minecraft:used":{"minecraft:stone_sword":31,"minecraft:bread":2,"minecraft:stone_pickaxe":20,"minecraft:oak_planks":2,"minecraft:wooden_pickaxe":24,"minecraft:item_frame":3,"minecraft:stone_hoe":45,"minecraft:stone_axe":2,"minecraft:white_wool":1,"minecraft:dirt":5,"minecraft:mutton":5,"minecraft:beef":11,"minecraft:crafting_table":3,"minecraft:white_bed":1,"minecraft:cooked_beef":1},"minecraft:mined":{"minecraft:hay_block":43,"minecraft:white_bed":1,"minecraft:crafting_table":2,"minecraft:grass":7,"minecraft:grass_block":2,"minecraft:coal_ore":19,"minecraft:oak_log":6,"minecraft:dirt":4,"minecraft:tall_grass":3,"minecraft:stone":18,"minecraft:oak_planks":2,"minecraft:white_wool":1,"minecraft:oak_leaves":6},"minecraft:killed":{"minecraft:sheep":3,"betteranimalsplus:coyote":2,"minecraft:cow":8},"minecraft:picked_up":{"minecraft:crafting_table":2,"minecraft:cooked_porkchop":2,"minecraft:leather":9,"minecraft:porkchop":3,"minecraft:oak_log":6,"minecraft:white_bed":1,"minecraft:dirt":6,"minecraft:item_frame":3,"minecraft:experience_bottle":2,"minecraft:hay_block":43,"minecraft:iron_ingot":4,"minecraft:beef":12,"minecraft:gold_ingot":4,"minecraft:emerald":1,"minecraft:coal":19,"minecraft:mutton":5,"minecraft:oak_planks":2,"minecraft:white_wool":4,"minecraft:cobblestone":18},"minecraft:crafted":{"minecraft:cooked_beef":1,"minecraft:oak_planks":24,"minecraft:stone_shovel":1,"minecraft:crafting_table":1,"minecraft:stick":12,"minecraft:wooden_pickaxe":1,"minecraft:stone_pickaxe":1,"minecraft:stone_sword":1,"minecraft:white_bed":1,"minecraft:stone_hoe":1,"minecraft:stone_axe":1,"minecraft:air":0}},"DataVersion":2586}