{"stats":{"minecraft:custom":{"minecraft:time_since_rest":920,"minecraft:sprint_one_cm":46535,"minecraft:damage_taken":210,"minecraft:walk_one_cm":16628,"minecraft:mob_kills":11,"minecraft:damage_dealt":1055,"minecraft:interact_with_crafting_table":3,"minecraft:fly_one_cm":109961,"minecraft:crouch_one_cm":1165,"minecraft:play_one_minute":13588,"minecraft:sneak_time":890,"minecraft:jump":388,"minecraft:leave_game":2,"minecraft:time_since_death":13588,"minecraft:sleep_in_bed":1,"minecraft:fall_one_cm":11071},"minecraft:used":{"minecraft:stone_sword":24,"minecraft:stone_pickaxe":6,"minecraft:oak_planks":2,"minecraft:wooden_pickaxe":24,"minecraft:stone_axe":2,"minecraft:white_wool":1,"minecraft:dirt":2,"minecraft:mutton":5,"minecraft:beef":6,"minecraft:crafting_table":2,"minecraft:white_bed":1},"minecraft:mined":{"minecraft:white_bed":1,"minecraft:crafting_table":2,"minecraft:grass":4,"minecraft:grass_block":2,"minecraft:coal_ore":5,"minecraft:oak_log":6,"minecraft:dirt":4,"minecraft:tall_grass":3,"minecraft:stone":18,"minecraft:oak_planks":2,"minecraft:white_wool":1,"minecraft:oak_leaves":6},"minecraft:killed":{"minecraft:sheep":3,"betteranimalsplus:coyote":2,"minecraft:cow":6},"minecraft:picked_up":{"minecraft:crafting_table":2,"minecraft:leather":7,"minecraft:oak_log":6,"minecraft:white_bed":1,"minecraft:dirt":6,"minecraft:beef":9,"minecraft:coal":4,"minecraft:mutton":5,"minecraft:oak_planks":2,"minecraft:white_wool":4,"minecraft:cobblestone":18},"minecraft:crafted":{"minecraft:oak_planks":24,"minecraft:stone_shovel":1,"minecraft:crafting_table":1,"minecraft:stick":12,"minecraft:wooden_pickaxe":1,"minecraft:stone_pickaxe":1,"minecraft:stone_sword":1,"minecraft:white_bed":1,"minecraft:stone_axe":1}},"DataVersion":2586}